{"loss": [0.22964897063393147, 0.012133098016679287, 0.00809661418463414, 0.006814781821643313, 0.006127142551370586, 0.005662681988052403, 0.005318351913445318, 0.0050579991694229345, 0.0048407959631333744, 0.004677360167990749], "valid_loss": [0.16232164204120636, 0.09862708300352097, 0.08352535963058472, 0.06301571428775787, 0.054420433938503265, 0.042449742555618286, 0.03589653968811035, 0.03021593578159809, 0.023823760449886322, 0.00616457499563694]}