{"loss": [0.25097675753068177, 0.04588791998648085, 0.03892855129034724, 0.03555948985442519, 0.03260546878892928], "valid_loss": [0.4234846532344818, 0.26677507162094116, 0.1987472027540207, 0.1617937833070755, 0.12802718579769135]}