{"loss": [0.010381250627984992, 0.009673479343822691, 0.009068921701266663, 0.009151203384174732, 0.008697991323296446, 0.008321910817915341, 0.007924510255770291, 0.007625137492088834, 0.007288345636893063], "valid_loss": [0.11944597959518433, 0.1065753921866417, 0.08973030745983124, 0.07931887358427048, 0.06278446316719055, 0.05821015685796738, 0.05061464384198189, 0.0448337085545063, 0.04103275015950203]}