{"loss": [0.006490409707440995, 0.006227125329629052], "valid_loss": [0.051500581204891205, 0.043519891798496246]}