{"loss": [0.187937937924677, 0.0998212844272202, 0.09555674867432377, 0.09337946065377006, 0.09159881420606363, 0.08997365384438946], "auc": [0.9684228351809775, 0.9885415617115284, 0.9894375733274987, 0.9899292114302055, 0.9903563495596688, 0.9907619580553947], "valid_loss": [0.21383599936962128, 0.15292182564735413, 0.11792442202568054, 0.10008348524570465, 0.0959106832742691, 0.09355954825878143], "valid_auc": [0.9734739908241593, 0.9831344125230566, 0.9877139743376856, 0.9891680682272956, 0.9895065692831728, 0.9897796991885571]}