{"loss": [0.21677434470830484, 0.01152305546645075, 0.007844247171577686, 0.006657651303398113, 0.006026218044649189, 0.0056082669240267325, 0.005293633142951876, 0.0050341447160579264, 0.00482659305781126], "valid_loss": [0.1353766918182373, 0.07751492410898209, 0.0559559240937233, 0.04464201256632805, 0.039080824702978134, 0.03191850334405899, 0.02653520740568638, 0.021752338856458664, 0.016916826367378235]}