{"loss": [0.005805132653866895, 0.005358023535460233], "valid_loss": [0.0372617281973362, 0.0118575943633914]}